							
Snake	5,6	PDHSCSB	CSPHPBH	CCHTDHB	DHPCCSB	TDTTBTS	PTCCPSD
Clover	2	DTCBHBT	TDBBSBB	HHDSTSS	SSHHPCT	BBCTBPB	SBCSSCT
Hexagon	2,5	PTPSSCP	BTSTHPS	HPBBDSH	HTTPBPB	TSSSBCT	HHBSDBS
Snake	3,5	BDPSDCH	TSDBCTH	PHCHBPT	CPCHSSD	PCTBPBC	BPTBSDS
Hexagon	5	DPBPBCH	HBSPDDS	TBTBPSP	BCHDBBH	CCTDTPC	THCHCCC
Diamond	5	BCHDBBH	BCPTDPD	PBDHDCS	DHPCBBP	HDPSPBS	CBTCSHT
Snake	5	PHBHPDC	DPHHSSC	PSPSPCS	CDTPTDB	TPHBSDS	DBHBDSH
Plus	1,2,4	STDSSPT	TBCCHBS	TSPCCBS	BPPPPHH	PTCPPPH	BBHBPBD
							
							
Hexagon	5	DBSPTSD	SSPTTTH	SSPCHCD	HTDBBDD	DSDDHBT	DDDHCDS
Hexagon	2,5	DBCSSCP	DDSCHTP	HTCPDCS	SDPTCDC	TTDPHSD	BPHBBDC
Snake	1	DCCHHDC	BHBSDPB	CSTSTBS	PSHPDBH	PCHPBSP	HBDDHTP
Diamond	1,4	SHBPCBC	CHDHDSS	HBDDHTP	TCDCBSH	BBBBBBB	BBBBBBB
							
							
							
							
Clover	6	PBTPCDS	CSHCCHP	HSBCBHB	SSCHTHH	SBSCDDS	BTSPSHS
							
							
							
Plus	2,5	CHDTTPP	SSTCBPS	TSTDHDD	PPTHBTH	SBDHPDP	DHBPCBH
							
							
							
Blank	2,5	HTDSDDS	PBTSCHP	CSBCSSP	CSCDSHH	CDBSBPD	PHTCCPB
							
Hexagon	3	HBHCBDS	THCSCHS	TTPCDPH	SHBTHSS	DDHPPHC	SCCPDPP
							
Diamond	3	PCHDSBS	SPPHHDB	TPBBPST	SSCPPDP	PCCCTD	SPHSHHS
Hexagon	2	CCTSHBC	DPCPSTC	HPCSSDS	TDTHHCP	DPSTPDC	PCHDSBB
Plus	6	SPTTTCT	PHTSHDB	BSSSBSS	PHBHSTC	DDBSHHD	TPBSHHD
Diamond	2,4	CSTTSCC	THSCTCB	SHSHSBD	TSCSHSH	DBTSCHB	BCSTHPB
Diamond	2,5	STTTHPT	CHBBSTS	SDTBCTB	BDCBCBC	TCSHCTC	SBBTBPT
Diamond	2,6	HPPHPPS	DPHCPHD	HSSPDTS	BHPDHCS	HBSCHBT	BSHDHCT
Diamond	2,5	DCPPDDP	PTCHDSD	DPPBPBH	DHPTCDP	BPSTHPH	HSHTSHS
Clover	1,4	CDPSPDB	THHTBDS	HHDDTPB	SHDTPHD	DBSPDBP	DHHSBSC
Plus	1,3	SPSSCPC	BPSCSPH	SHSPSTB	BPCBPPS	BBBBBBB	BBBBBBB
Snake	2,5	SBBBPDB	HSTSTHT	CTTDPPS	BCBSPSH	HSBBCDB	BTSBTTT
Hexagon	1,2,4	HCPSTSS	DCPDSHC	BCHBDDC	BPDPSPD	PSBBTHH	TCTHTCD
Diamond	3,6	SCTTHDH	HPDDPTC	PPPDSTC	PCTHBPC	SDHCTHC	TDPSSTT
Hexagon	1,4,5	BHSSHTS	HPDHBSH	SBDCSTH	PCHSPCD	HHTCCHS	CBSTHBT
							
							
							
Diamond	3,4,5,6	SSTPTCD	BBTDSPD	PCSPCPT	CBBTBTC	CPTSCHB	TPBSDPB
							
							
Diamond	4	DCBCSPC	BHTTTBD	HTBCHHC	HPSDTSP	THHSCCS	CBPDSDS
							
							
							
Clover	1,4	PCCTDSS	BTBSPTH	STTDSCT	SCTDTDS	PPDTCPC	BPTBPPS
Diamond	1,6	SPPHPPH	DHPCHPD	STDPSSH	SCHDPHB	TBHCSBH	TCHDHSB
Hex	1,5	TDBTBHT	PDDBTSP	CDPSBCC	PPTPHTH	PSDDPPS	TDTBSST
Plus	3,5	SCHDPHB	DHHPTHT	CTSHBB	DBSPTSD	HPBDBT	DTDTTSC
Clover	3,5	STHDPTD	PTBTCTC	DBDPBTD	SHTPBBP	HTPSPCB	DTHTDCT
Hex	6	CDCPBPH	STSTTTS	PBHHCDC	SDPCPTS	TTTTPDT	HTPPPTS
Snake	5,6	PPTPPHC	TCPCSSB	HHSDCDT	CTDPHTP	TPDSCCP	BTHCSCB
							
Plus	3,5	BBBBBBB	SBHHDHT	SHDSBSB	TBTCBTP	DPSSHHT	CPSHHDH
Clover	2,6	CPBSDSD	TBCHDTH	SHCDPCC	TDTTTSB	SDBCCHP	DCPPSPS
Diamond	2,5,6	CDTBBBB	BTHDDST	SHPCTHS	DHBCCCD	HHBTHDD	TBDSBTH
Plus	1	HSSSPDC	PBPCDTC	CDBCCTT	DPSHSDB	HBBBSPC	PDTDPHH
Clover	1,3	DHCPDBC	DDCDPTS	BSBHCSC	PHPSHDP	HPHCDBC	HCPCCTP
Diamond	2,6	BHDSHPH	BHBCPPB	BTPDTDC	BSDTBPT	CHPTHDC	TCPSCSB
							
Diamond	2,5,6	SCDCDPH	PTDHHBP	PBHPDPD	SDSSCSH	HBSCPPC	CPDPTHS
Plus	3	HTCBPPT	HBCBDDT	CHCDHBC	SDSCDHD	DTBCBDS	DHSTDBH
Plus	3,4,6	TSSBSHD	BPHCTTC	DTBSTCC	PHSHSPB	HCSCSST	DSTSHTH
Snake	2	PPTTPPC	CHPDHTS	HBHSBHC	BBBBBBB	BBBBBBB	BBBBBBB
Hex	1,5	CPPCHHC	BCBBBTP	BHCSHBT	CCTBDST	HDBCDBH	DDPTBBB
Snake	3,6	HHSSSHT	DTPPDHT	HHBHDDS	DBPSBPC	SDBDSTB	DBHTPSS
Plus	6	SDTTCHD	BDBHSDH	TBHDBPP	CDHCHBD	HSPCCPD	PBTCBSH
Snake	5	SDDBSDD	TSTCSPB	SPSBDPP	DBPDSHH	PCDCHBT	PPBHTCD
Snake	3,6	PCHHDDP	HCBBPBD	DDPPSPH	SDDHPHC	SHCCBHB	PBPCCHD
Snake	1,2,5	PTBTDBB	TCTDCPH	PDDPPDS	CSDSBBD	DBCCCSB	PHBDDDB
Plus	3,4,6	BDHBSPB	TBBSSHH	CCCPBTH	HDTTSTS	BCPHBTD	PTCPPHT
Clover	6	HPSDHSC	DTDDCDD	SDPCTTD	STTTHPT	HHPTPHP	DPCBPBT
Snake	3,4,5	DTCTPHS	CDHDPHP	SSTPPCS	DSBDDBD	CSBPDDB	CHCDHSS
Plus	3,5	CSDPSCB	HHTPCTP	TCCCSHD	PPBTCPD	CTBDCST	DDSCDBD
Snake	3,5	TSCBBPP	DBBHHBB	HCSDSPT	HPTSSTS	PTBHDBD	TCDTTSD
Plus	2,5,6	BTDPSBT	PDCCBHT	BSHHHDB	BCCPPCC	BPDDBHS	PCBPSSH
							
							
Diamond	5	THCCTTD	CSPDDTH	CHCHSBP	SHPPCHH	BCPDPBB	TPSSPSH
Plus	2,6	SCBTDHT	CDDSHHD	DPHTBHD	HPBSSPT	DDPPTDC	TSBCTST
Hex	2,5	PCBPTDS	CPPBDTP	PBCTCHT	HHCCSDD	PDHCHDS	TBCCHBS
Plus	4	HCSBCTB	DCBTBCD	TBDDSDTD	BSPSBTB	DDSSPSD	PTSCBHC
Snake	4,6	DDCPCDC	DDCPHPT	BHDSBBT	TTPTBPB	CSPHPST	SPCCBDP
							
Plus	3,4,6	BCSHTHH	STSBSCH	HHBSTHC	SDPHBCT	CBHPHSB	DPPSHDP
Diamond	1,3						
Diamond	3,6	CHTDSSD	HPTTPTS	DDCPDTD	CBPBSCS	HDPHCPH	CHCDBBD
Clover	1, 4						
Snake	6	PCDBSPP	CBHHBHC	HPSSTHH	CSSBDBB	DCHCSPC	SBSDHBS
Clover	1	HTCSCTC	HBTCHSP	BHTBPBH	HDCPHBD	BDHBBSB	HHTSBBC
Hex	2,5						
							
Snake	3	PSHPSSB	HHCTBCD	TCHDPST	CPCHTTB	TCPCSSB	PCBTDPP
							
Hex	1,2,4	SSTSPCH	SCCDHDP	CDBBCHD	BPDPSPD	BPHBSHT	PTDHTTC
							
							
							
							
Plus	2,4,5	BTBPHPS	STHTPTC	CCBDTDP	BHTCHTT	HBPBPDH	SBPBHSS
							
Plus	2,4,5	PTSDHSH	TSHDDBS	HCHCCBB	BTSHDTS	PHHBSBH	CDPDPBP
Blank	2,5,6	PCCTCHT	BTPHDDC	SCBHTCP	CHDCHDS	CHBPBSH	PDCTBPH
Blank	3	BDHTPSB	DDHHBTS	TBTTCTC	HCCPPHS	BDDSDSH	SBPHDSH
Blank	2,5	BBCDDCD					
							
							
							
							
							
							
							
							
							
							
							
							
							
							
Plus	3	BBBBBBB	BBBBBBB	BTPPCPH	TPDDTPS	CPHCHDS	BBBBBBB
Blank	2,4	BBBBBBB	BBBBBBB	CHBDBCD	HTSCBBP	CBPDHHC	BBBBBBB
Blank	1,2,6	TPSDPPB	TCPCDBB	BBBBBBB	BBBBBBB	BBBBBBB	PDBCTBS
Blank	5	BBBBBBB	BBBBBBB	BHSHDBP	DBSDPBS	HDSTHHT	BBBBBBB
Blank	3	BBBBBBB	BBBBBBB		HSCBDHC	DSPHHPS	BBBBBBB
Blank	3,5	BBBBBBB	BBBBBBB	DPCDDDP	TCTTSBH	SPDPCDC	BBBBBBB
							
							
Blank	1	PSTPHPT	DBDTBHD	BBBBBBB	BBBBBBB	BBBBBBB	SDTHPSS
Blank	6	HCSTDST	SCCBBCS	BBBBBBB	BBBBBBB	BBBBBBB	BTDHSSH
Snake							
							
							
							
Blank	1,3	CSHDTTP	DBPHSCP	PDHSTPH	BBBBBBB	BSHBPHC	HBBCDHH
Snake	3,6	SDCPHDT	CCPSPSP	BTDHSSH	BBBBBBB	HSDPSTC	DDSPBHH
Diamond	2,3,5	BCCDDCP	PCTPDST	STDDCSD	BBBBBBB	TBTTDHB	PHCCDSC
							
							
							
							
Clover	1,6	BHHDHCP	BBBBBBB	BBBBBBB	BBBBBBB	BBBBBBB	DBCDBDC
							
							
							
Blank	6	SBPHBPD	BBBBBBB	BBBBBBB	SHCTDPP	PCSHCBT	TTBBCCD
Blank	5	BCBSDSH	BBBBBBB	BBBBBBB	HDCPHHB	HHPHBSD	SSDBHTS
Blank	2,5						
Snake	6	BHHBSSC	HBHHCCP	SSDHTPH	BHDHHBT	PDPSBCH	BHBCDPP
Blank	5,6	HCDPHHB	BBBBBBB	BBBBBBB	BTTHCCT	SCSDCDS	DDTHSDH
							
blank	2,4	CHTBBBH	SPCBCHS	SCHBTCS	PPSCSTP	PDCPHDD	HHCSHBC
							
clover	1,4	DSBBPTD	PCSTSPH	SHBBBDB	CTBDPTS	BBBBBBB	BBBBBBB
Blank	4,5	BTPCTBP	BBBBBBB	BBBBBBB	CDDHDTB	HPSBBCT	TCSSHPB
							
Blank	1	BCTHSCB	BBBBBBB	BBBBBBB	PSCDTST	CBPSTSD	BDTCBCP
Blank	2	SBTBHDP	HHBHHDT	DCCTSSP	DPHSPBD	BBBBBBB	BBBBBBB
Hex	3,4	PTCTDHS	BPSHDPS	BHHDCCC	TBCHDCB	BBBBBBB	BBBBBBB
							
Clover	1,4						
Blank	5	DPTSDPB	BBBBBBB	BBBBBBB	TPTBTBS	DCDSTBD	CHBBBSH
							
Blank	1	CSSPPTH	BBBBBBB	BBBBBBB	PBTCPTB	SBHDBHT	PDBHCCS
Blank	2	HPHPDBP	HTPSDPH	STDTTTD	PHDHBHD	BBBBBBB	BBBBBBB
Blank	5	DHHBBBC	BBBBBBB	BBBBBBB	TDHDHCB	TBCHDTH	CDBSSTS
Blank	1,4,6	TSCHCPD	BBBBBBB	BBBBBBB	CPBCHPT	DHPHTBC	SHTDTPC
							
Hex	4,5,6	BBBBBBB	BBBBBBB	PHCCSHD	TCTCBDC	STHTCHS	BTBDBSP
Diamond	1,4						
Blank	1,3	TBTHSPH	PCPPSHC	TCDTDCB	PHPBTSB	BBBBBBB	BBBBBBB
Blank	2,3	PPBBCSB	HHDSCDB	BTHPDPS	DHBCHTH	BBBBBBB	BBBBBBB
Clover	2,3,6	STDSHPT	DSDDHBT	CHPCCST	BBBBBBB	BBBBBBB	PTHBHBB
duplicate							
							
							
Blank	2,5						
							
							
							
Blank	1,2,3,5	DDCCSDC	PCPPDCP	CCCDCCS	BBPHPTB	DBDCCBH	BHHDHPH
							
							
Plus	1,2,6	SDPSTHD	SHHSBHT	DCSHHSS	BDSBDHD	PPCTTCD	BDSTTTB
							
							
Blank	1,3,4	TPHBPHC	SPCSDTS	BSPTDBS	CDCPPSD	CTPCTSH	TSCPHSP
Blank	1,3,5	BCCCBST	TBBBTPS	PSPSSBT	PHSHCHT	BSPBBDH	PSTSDBT
Blank	3	DTPDBBT	CBDSHSC	CSHHCSB	BHTCSPD	HBDSBSD	HBHPTPB
Blank	3	TBDHBHT	SSCPDPC	TDHPBDB	BDPBBBS	BCHBPBT	BBPHBPS
							
Clover	3,5,6	HPPHCPD	HTPBTBC	HBPSSDP	DSTSTDC	HPTCPPT	SHDCTHB
Blank	2,5	CDDHDHP	HPTDCSB	TCCSBCB	TTPBHSP	HPDHTTT	CSPCCPH
Diamond	5	BPTTTPH	PHDSHSC	SHSSDPH	CCBPBCH	SHSBCSH	SSSDPDS
Blank	2	PSDHTST	DPTSBBB	BSBCHCT	BHDTDDT	PDDBPDD	DPCCTDB
Blank	3,6						
Blank	3,6	PHPTBHD	TPDBSCS	CPPDHBB	PTPTCBP	THDSTCH	DBHSCCC
Diamond	1,4,6	THTPDPH	CTTPBPH	CSPBHTH	PPCPPTP	HDTDHTP	BDDSTTP
Clover	5	PSCDTPH	TBHCSBH	DTDTTSC	HCHSTDH	BPSSHBC	TSCHHST
Blank	4						
Hex	5	PCSBSPD	SSTPTSS	PHSPSTS	SDCHPBH	SCDHDPD	DCBPDBC
Hex	2,5	THPCDPB	TTDHTBP	HPDCBCD	PPTSHHD	HPHTDBP	BCSCTSS
Blank	2, 4	CHDTCPB	SHHBDBC	DTPDTTD	DPBCCTS	SDPHSHB	DSBBPBC
Blank	3,6	BTBBBPB	CHCTTPT	TTBPTCH	DSSTPSH	DCTCBCH	DSBBPBC
Blank	4						
Blank	3,6						
Blank	3,4,6	SPCPCCP	DPBHHDH	STSPCST	CDSDHTH	TBDHCHT	DHBDDTT
Blank	2,5,6	STDTHDB	HTSSPCC	CTCPPCD	HBSDHSC	SCPHTTB	DHTDHSS
Blank	3,4	BTHHCHP	PDCCSBB	SHTBCHT	SPSPHHC	HSDDSTD	PDBBHHS
Blank	3						
Diamond	3,6	TDDHBHS	PBTHPTB	CTDHDBH	SBDPBTC	SDTWSCPH	THBCBBS
Diamond	2.6	TDCPBCP	HTPDHHP	HDCDBBT	SCPSTSS	PSCCCTB	CCTHBTT
Diamond	2,6						
Blank	3,5	HCSCDHS	DCCDBCP	CDHDSHP	CTCHBCP	STTHHBS	TDTDSSP
Plus	1,4	SDSHDSD	CBPCHTD	HBTCSDP	PTPCDDC	PSTSBBH	TPBSTDT
Blank	3,5						
Blank	1,3	HSDDBPC	CCTPDDB	DCPDHPP	SSSBCSB	BHBTDDC	DHDHDPD
Hex	6						
Blank	2,5						
Blank	2,4,5	TPCBCBC	PTCTBTS	DHPHBCC	PSCBTHC	BTBSBBH	CBTPTP
Blank	2,5						
Plus	6						
Blank	4,5	CPBDCSC	HTHDCDC	TCCPHSD	PSBPHCH	THDBHPT	BPPSPTD
Blank	2,6	PPSTHPH	BPCBCSC	HHSSHPB	CPCSHSH	CTHBBCH	DCTTTDH
Blank	2,3						
Clover	3,5,6	BCSHTBC	PCSPHTB	SBPBCPB	TTBBPTP	BBHHPST	TDCPSBD
Blank	1,4						
Blank	1,4	HTSCPBD	HDBCBDS	CBHSPBB	CBSCSTB	SDCSBCB	HHPHHSH
Blank	3	BCDTTHP	TSSCHDP	DPHPHTB	TCHDCPT	TCTHTHC	SPPTSSC
Blank	1,2,3	HHHBHCS	CHDDBDB	DCBTTDP	CBTBBSH	PDDHTTB	DDCDBDB
Blank	3,6	CDSCPCB	SDTCPPH	DPPCPHH	TSDBDPT	STSHPDP	HSSHTDD
Blank	6	DHDDCPH	THHDDTS	PPPDDDC	PSBPHBD	DCPHBPH	HDTBBPH
Blank	4,6	SHSBCCB	CBSSBHB	SSDDSDD	BBBBBTS	CBPPSCC	SBDBCDS
Plus	3,5						
Blank	2,5	BTTTPCH	TPCPPCP	SBTSBSD	HHHHHPST	THBBPHD	TPPTCTC
Blank	2,5						
Blank	5	BSCDSSB	THBPDCD	STDHCBT	SPCCSSB	PSCHTTP	DPSPHDH
Blank	2,5						
Blank	2,5						
Diamond	2,6	HHHBPHD	BBSCDHT	DSHTC?C	CPPHPBH	CCHSHPH	SHSTSBS
Plus	1	CBBCHDB	SSHPSPB	TBHBBPH	BHBTSHB	HSBHPPB	PSPSPCS
Blank	6	STTSBPH	SHDHTSP	DCHDBBT	CSDPSTH	CTCBTTS	PHCTBPT
Clover	6						
Blank	2,6	PSDPSBS	TCSTSTP	HBCHSSS	HDTCDBT	DHCDCBS	PPDSHDS
Blank	4	CSTPBTH	CBHDCSB	DPSSDPP	BDDDTCS	PSBSCSP	TTCSSTH
Blank	5	HPDHBPP	PPDSDHD	DCHBBTP	TPDCSBC	SHCSSDH	TTTCPCD
Diamond	2,5	HDCHPDH	CBCDHBB	DSPSHCH	DSCHSBT	DPSBTST	HBPDBTC
Blank	1,3	TBHSCSD	CHPSBSS	HDDTTTP	DBSTSTP	CTDSHHB	PSPDSDH
Blank	1,4	PTDCDDP	SPHHBSC	TTPSPSC	PDSBBSH	SSBPCBC	DSDPDBS
Blank	1,4	DBHCBHP	PSCBHCT	HSDHTCT	TPSPB?D	PSPSCBC	CCDTPHT
Blank	4	STDPPSP	BHDCSCP	SSBCBHD	HCTSCST	SDTBCTB	DBTHCCH
Blank	4						
Blank	1,2,5,6	CCBDDSD	SHPTTDS	CCHCPTT	THPBDHP	HSPTDHH	PSPBPPD
Blank	2,3,5	TCPDSCB	SPSBHDS	HCBCBPC	CPTCCTH	SBPHBSH	CBSBDBH
Clover	3						
Blank	2,4,6	SSPBDHH	DDBTCDD	BSTSDDT	TTDHTTH	DSBDPSD	DPPTBTC
Blank	1,5,6	CSTPHCS	BCHBPBT	TTTBSTB	PSBTHSP	SHTBCHT	CHSBDTB
Diamond	5,6	TPPPBHD	PHSDTCH	DSBCHCH	CDSCBBP	BSCSDDP	CCDBSPT
Blank	2	CCPDDSB	DDPBDPC	CHHSDPT	TSBHPTS	BDHSSCP	SBSDSDS
Blank	1,2,5,6	SHTBHTS	DSDCCCB	CSCSDHB	CTHHPPP	PSTBSCS	DDSTHHP
Blank	2,5	TTPPBBT	DTBTBDC	THPTSHP	HHDSDCS	STHHPTH	SCBSPBP
Blank	6	CCSTCDS	PTBTSHB	BPSDTPC	PDHCTBC	HSBPBCP	PSTSDBH
Blank	3,6	SBCSPCH	TBCBCCH	BBBHCCC	DTTHTTP	DBHCDCB	SDSCPSC
Blank	1,2,3,5	PPCTCTP	HHCPTBD	BHCBDCD	BPCSHTT	SSDTBBC	HHSSSST
Blank	3,6	HBHHPPH	PHTBDSC	BCHSTSS	BBBDPBD	HDBBBPS	SCHSBBB
Blank	2	CSPDCSP	TBBHBDS	HCPBSHP	DTPDBSP	SSHBPBT	CBPSDHS
Blank	1,4,5	HCBHCPT	PDTHHPC	BBCSHHS	DPSCBSB	PDCHTBP	SPDHHHB
Blank	2,5	BCSPDHC	BHSCTTB	TPHCTCC	HTTCTCT	HTPBDDP	BHSTDHP
Blank	3,5	PCHTCTB	PSHBBTB	BCDHTHS	DHPBCTC	PPDCPDB	CSSBPTB
Hex	3,5	TCSCHCP	HTDTHHD	TDBCTSB	DDBBDHP	TBSSBCP	CTDPHTD
Blank	2,4	HSBDHCC	TSPHPDH	HCBHCTC	DCPCBSP	PSDCSBP	PTPTDPP
Blank	2,4						
Blank	2,3,6	HHSSSHH	BBHDPHP	SCTCDBC	DHSHTBD	PBCSBDH	TCBPTSB
Clover	3,6						
Clover	1,4	PSTTCBD	STHPBPD	DBPDHHH	CBHTTDS	PBBDTCB	BSDBCPD
Blank	2,4,6						
Blank	2,4,6	DSSSDCP	CPDTHPT	THHCDSH	BHDTBCB	HPBCSCC	HDDBTCC
Blank	2,4	PCDDHDP	BHCPCDH	DBDPDCH	DDSTBDH	CTSHPPD	SBDPTBB
Blank	5,6	PBTDDCH	SBTDDCP	BTHSBSB	SHBTDTC	HCHPTHP	TCHCPCP
							
Blank	4,5	BTTHCPC	CBTHPHD	SPTDBDH	HHHBHCS	DTHHHPS	DSTDHCH
Diamond	1,2	SHTSSHD	BHBHDHD	DPHHBHB	HBHPPPC	CPPBSPB	PTDTPDB
Hex	2	DTBHCCT	TCDCCDH	HPBCBSH	BDHHDHT	DDCTHPP	BHDTTBS
Blank	6	TPDPCBC	PHCTSCH	PTCSSBD	HPDHBPP	CDBPHTB	DBHDHTH
Diamond	1,3,4	BDHDHDS	CHHCTCP	TBPSPTH	CCPBBCB	TBCCCCS	SSDCPBT
Blank	3,4,6	SHCCPCS	PPDTBBS	DSDCSDT	CDHDSSH	HPPPHSC	CSSHDSP
Blank	2,4	SBHSTPC	BTDCPTC	HDSSBDD	SBCPCPB	DBBPDTH	TCPCHDH
Blank	3	CTHHDTB	TSPSHSH	SDBCTBS	DPHTHPH	PHPSTTS	HHCBCCP
Blank	3						
Snake	2,3,5						
Diamond	3	PBPBCPD	DCHBHHB	TPHCTST	TTDTBTB	DHBSPCD	PHTCPTB
Blank	1,2,5	TPPPTSP	HTPHBBB	BDCSCBP	CCDCHDP	SDBHTHT	CTDHDBH
Blank	3,5						
Blank	2,5	THCCBSD	TTCSPSD	BCDBBST	DCTBTHH	CHHBDHH	HDDCPBT
Blank	1	TDBTHSP	TDCPTHD	CBBHSPS	HHPHPTS	CBDHCHH	CDPBSSS
Blank	1						
Blank	5	TCSBTTC	SPBDPHB	DCDTS?C	CSCHPTB	PBCHSST	DSTTTDT
Blank	5						
Snake	2,3,5,6	PHSBBBD	SHTDDCT	HCDSSBP	CSDTSDT	STPDCHT	SCTHDPC
Clover	3	CDCHSBH	DDPHCCD	PCSHCTT	DHDSTDD	HDSDPTS	SBSTBCB
Clover	3						
Blank	2,3	TDBPBCC	CTPPSDS	HTSDPTD	CTSSDPD	TDDCHTP	CCTSPDT
Snake	2,3,5	STDSPCP	PSDBPDB	CTSPCSP	TSDCBBC	PSHTHCS	HTDTDSC
Blank	2,4,5	PSDCDBH	BPTHCDP	SPCTSHS	BBCPHHH	CCPTDPS	TSBHHCS
Diamond	3,4	HDPPHPD	BTDTSSH	PTHPCDC	SBBPDPB	SHPCCSP	CCBCHCD
Hex	4	CSCHPTB	CBHDSSH	SCCTCTS	HTCDDHC	CCPTPCB	SPCTHBH
Diamond	2,5						
Blank	1,2,5,6	HDBCBPT	STPBTBB	STDTHCT	HSPSTPH	HHDSHPH	DHSHSCB
Blank	2,3,6	SPCCSDP	CTDSCPH	BBSTHDS	HTCSCHC	BPSTSTS	SDTBCTT
Blank	3	THHHDPS	PCHTDBC	STTBCHP	PBDPDPS	BPHHBBT	TBPHCDD
Blank	2	SPDCBCD	DCBTHTH	PPPCDHS	CTHCBDH	DBCTHCP	TTDSHBS
Blank	1	DBTBPHC	CHTTSBP	SPTCCBS	HPPSSHP	PTTSCPC	SHSSCCP
Blank	1,6	SCCPDBB	BTPTBCC	THTBTBH	THBPPSC	BDDHHCD	DHBTHPH
Blank	3,6	HCDBPDH	PTPDTCB	SCHHCPC	DSTPTTH	BTBSTTS	PBCCCCS
Blank	2	CSTTPDB	PTSPDHP	SDHTDBP	SSHCHBB	CBSHHPP	CDCPSDP
Blank	3,6	BSTTSPS	TSBBHDP	SHTPS?S	HCTSCCHD	CBHDCPP	CHTTCTS
Blank	2,5	TCPDHBC	BBBDTSH	HSHHPBP	CTHTHCC	CBBCSSC	PBSPSSD
Snake	1,2,3,4	CCCDCHH	DPDSCSC	THPPSCC	PCTSCTP	BBBTDPC	SBSCBCC
Blank	1,5,6	SHPBBHP	DHTTCPD	SDCBBCP	BHDBBCT	SBCHCBH	SSCDBTD
Blank	1,6	DBCDPST	PHDDBDS	HBSCPSC	PPHSDHB	DHBBPHB	PSCDPSD
Blank	5						
Blank	5	BPDDDPS	BHHTBTCC	CCHTPCH	PPCHDBB	DCDHDCT	BPCTDDB
Blank	3	DSPHHTB	HHCCDHB	TCHSHHC	SBPSSTP	HSPTBTH	SHSHSPB
Blank	1,3,6	BTSBSCC	HDTTBDT	SCSPCTC	HCBDHPH	SSCBCTS	BHDSDTC
Blank	2,6	PTHTHTB	CPDTBSC	BDHBTSC	TPSDDTT	DSBPDBP	PTTDCHB
Clover	2,3,6	TDHCDSS	HDBCDBH	BSTDHPB	BDDTHHT	BDDPTDB	CPDDBSH
Blank	2,4	TBDTCCH	HPCBBDC	TDCHTBS	BPTCSBP	HHHTSBP	CBHHBBD
Blank	1,4	SBCCBTD	TCPDHCB	THSPSPP	STCTHSP	CPDPCPC	HTSSPBT
Blank	1	CTTTTTT	BSHHHDT	PTTPTSH	SPHSPPT	HPTSDHC	HDBDPHS
Blank	3,6						
Blank	2,5	CDCDSTS	PCTHSCB	BHBPCDC	BPDCBBH	CHTSSCD	CDTCHDP
Snake	5						
Blank	6	DSSBPHS	THPDSCT	HSBCSCD	BHTSTTS	BDHSBSC	DCTBSDC
Blank	2,5	DDCSPPP	PPTDHDB	PSDSPCB	BPTCTBP	BSBTSHH	BPTPCTB
Diamond	2,5,6						
Blank	2,5	CDHPDHC	TSCPPDT	DTTCTPP	BTTHSSS	SSSPDDH	BTTSBTB
Blank	3,5	TDCPTPD	SCDTSCH	TDDTCPT	BDTSHST	PHTBCSD	SHBPSTS
Clover	3						
Blank	3						
Blank	1,2,3	SSTPPDS	DBBBHPP	SDTBHTP	TDSBTSP	PCDCTTS	HHTDBDH
Snake	3,6	TSPCBBB	SPHCCSS	PHBPBPS	PPSCTSB	DSBTHDH	CDBCSPD
Clover	3,4,6	THCCDPC	SBPTHTC	DHTTHHP	TCHCTPT	TCPTTBT	DTPSHPH
Blank	3	CBTBDSC	BTDHSPP	STDSTTH	BBSCDDS	DHHPPHC	PBDDSTT
Hex	3,4,5,6	HPCSDSC	DDPPTDC	HBCBDSP	CTDPTCH	HHCPCPS	CHBBTCB
Blank	1,2,3,6	DTDTBHB	BHPHSDB	DPCPHBD	SPSDCBT	BSPCSTC	TDTHPDP
Clover	5	CSDTSDT	HSSSHBH	SHHCHTS	TSHCBCT	DTHTPHB	BSDBDPT
Blank	2,5,6	PCPCPTD	THSSDCD	BDPCCPH	DHCPBBB	CSCCPCB	SDTSPST
Blank	1,3,5	HDTTPDB	HSSTTTD	CSPBSCD	TCSPPPC	BTDDPBS	PBHSPPS
Blank	3,5	CCTBSHC	BHBCBDC	HPTBHTS	STHHDDS	SCHPDBD	BPBSTPT
Diamond	2,5						
Blank	2,3						
Hex	3						
Blank	4	PPCCSHT	SPBDCSH	BDSDPDD	TBCHHCH	HCHSBBH	STBHDST
Blank	2,3,6	HDCTSDH	TBTHSDT	TPDTPTS	CBCPTCH	HDTBPPT	SHPDDHH
Blank	2,6	PPSSSSB	CPSTCDS	PDDSHHS	BSTCCBB	TSTCSPB	BHSCDHD
Blank	4	TDBDHHS	PSDDDSD	SBHBTCD	HSPDDCC	CHPHCDC	CPDBSCB
Hex	6	PPPHPSB	BHCBHBD	SHBPSTS	DTCSCTP	HPDSTTT	HPCPPDD
Blank	2,3,6	PSPDBBH	HSCDCPC	HCTBCTH	PDDDCCB	TCBDCTT	CHSBDDC
							
Blank	1,2,3						
Blank	3	PPBTCBC	CBPHDDT	CDHTTSD	PSCPCSB	PCPPSHC	BBHTTPT
Diamond	3	THPSHDP	DCBPBPDB	PBPCDDC	DBPTSSB	SDTSSBH	CPSCTPC
							
							
							
							
							
							
							
							
							
Snake	2, 6						
Plus	5						
Diamond	1,3						
Blank							
Blank							
Blank	3,4,6						
Blank							
Blank							
Clover	3,6						
Blank	4, 6						
Blank	3						
Plus	3,5						
Hex	1						
Blank							
Blank	2,5	DBTHHBB	CHDSPTP	SCHBSCB	SPHSSDB	PSTTPTP	SSCTHSP
Blank	3	BCHBHTT	BPCSBBD	PPSBSBP	SPSDPTP	DDPCTHP	SHHPCSD
Blank		TCHBDTH	BSHSTPB	HBTBTBS	DBBDCHH	CCHSPPS	SHCTHBS
Clover	3,5,6						
Blank	2,4						
Blank	1,4	TCDCPSH	PBDHTCT	DBPCHHD	SCTDBSP	DSTDBPD	CCCPDCH
Clover	5,6						
Snake	2,5						
Blank	2, 3						
Blank	2,4						
Blank	1,2,3						
Blank	1,3	DPSTHTH	PDHSPSH	CSTHHHS	STDPSBP	TBPCDPD	SDDDHSD
							
							
							
							
							
							
							
							
							
Blank	1,2,3,4,5,6	STHCSCT	PCPHPPT	DSCTPDS	SSHDCSB	TSSTDBH	TDTPCBC
Clover	3	BBBBBBB	BBBBBBB	BPSHDTP	SPPHPPH	TSCSBBC	BBBBBBB
Diamond	2,5,6						
Blank	2,3,6						
Blank	5	CBHBBCH	TTCPDTS	DTCBSBD	SSTPPDH	PCHSDHD	SPSTPTT
Blank	2,3						
Blank	2,5,6	HPCPHBS	CSHTTBD	PBTBTTT	HTSTBDP	HTBTHBT	HBSHHTP
Blank							
Blank	3						
Blank	3,5	PSBBSDB	PTTBHTS	HTSDDTS	HDCDDTD	DCTPPTT	HHHHTPT
Clover	1	PHTPSSS	THHPSCB	THDBCPT	HTHBBTS	HSDDTPP	TSDPCPB
Blank	2,5						
Blank	1,2	ttsscbc	cphpppp	ttpbdbb	dcdsptd	dbcccsp	btbtdph
Blank	1,2,3,4,5,6	DDTPPSC	CTTTDPS	SBDPTPC	HBSBCSC	BSCDDPC	THTCTCP
Diamond	2,5						
Blank	3	DBBBTHP	BSBSHSS	DHBTDSD	DSNHSST	HTBSCPP	CPSBPBS
Blank	6						
Diamond							
Diamond	3,5						
Blank	2	SPHPSDS	PHSSCSB	HDDBCCS	TCHCTBT	SHHBSPT	BBCSPTP
Blank	4						
Blank	1,5	BPHHHPD	TSPCSCH	SHPPBTH	DPBDSSS	DBPSHSD	SSPTHTS
Blank	2,3						
Snake	5						
Blank	1,2,5,6	TTTTHHC	TTDTCHP	DCHDDBT	CCPDDSB	PPSBDPT	BSHDHDD
Clover	1,2,3	HCCSDDP	BPCPBTH	TPPBBPB	BBBBBBB	BBBBBBB	BBBBBBB
Blank	Side 1 Side 3 Side 4	HTPSSPD	PCSBSCS	PHTSCBC	PSPBPTT	HHCCSTS	DPPBPBH
Plus	2	BBBBBBB	BBBBBBB	BBBBBBB	BPTDSBB	SSTCTDS	BPDBCCS
Blank	2						
Clover	3						
Blank	1,3	BHBPHSP	PHDHHSB	PHTSPHC	CDCTSPB	PDCSBTT	DPBTTHH
Plus	3						
Hex	3						
Blank	4						
Blank	2,6	PHPCDHP	PSTTDSH	PCTCTDD	BBSDDCP	CDDPBDT	DPSDBTD
Blank	4,6	TPHBHPP	CSHPPBP	PBSHBBP	PSTBPDH	DCBHSDT	TPBPPTD
Blank	4						
Blank	2,3,6						
							
Hex	3						
Blank	2,6						
Blank	2,3,5	SDHPHDB	HSBTCST	SBBDHDD	BBTCPDB	CCDCSCS	DHHHCTT
Blank	3,4,6						
Blank	2,3	CCDSDDS	TTDDCST	BHTHSPB	STPCTSP	DSCTCHS	TTSBCHB
Hex	3,4,5,6						
Blank	5	TTDSTPS	TBHSDHS	HTDHBSB	CCCTBTS	TCTTCTT	CDBSBPP
Blank	1,2,5,6	CSHTDDP	PSSSSPT	DTHCPPT	CSDHDSB	DCTSSPB	CSSSDPP
Blank	2,6	DHPTHSP	PBHBSSP	CBTHBHT	BCSBPPB	PCSTCDB	DCCSTDD
Blank	2,3						
Blank	1,3	HHHTDSP	TBTBSBS	CCSSHSD	BTSTBHB	BBPTHSH	CBPCPBC
Blank	2,5,6	CTHBPBC	THCBTCH	PSSSHHP	DTHDHDD	TSDCBPT	CSSPBBC
Blank	2,3						
Blank	1,2						
Blank	2,6	HBTDTPC	SDSPBHD	PSPDTTD	CDBHHPS	HSDSCTT	SDSCBDT
							
Blank	3	PCH					
							
Blank	2,6	PPTPPCT	BSPBHPD	BSPHSTT	SCPHCCB	HCBHDDT	PHPHSTT
							
Snake	2, 6	DPCDCBC	SSHBBDS	TPSSPSH	DCBTHCC	PBTDCDB	CCHCCTP
Plus	5	SHBTTDH	SBCBHPT	PPBBTCB	SCBTSDH	TBHCPBH	THTHSDP
Diamond	1,3	PBTBCPB	DHSTPHH	BBBSDTH	DBHSHST	BDPTCTS	HPCCPCD
Blank		PTTDHSC	SCBHPDP	DTPSHHP	BBBBBBB	HBHBSCP	BHCBDHH
Blank							
Blank	3,4,6						
Blank	2,6	DTCSCTP	PHTBCSD	TTPTPHH	PPPDTCP	TPDBSCS	PPSBCTS
Blank		BTHSTCP	SHHSBDB	HCSHHHC	CCSCPDC	DSDPBHC	HCTDSDS
Clover	3,6	SBDCTHC	PCHTCSS	BTBSBST	SSBDDCT	PSSSHSB	TDCHPPC
Blank	4, 6	HBDHHTC	BHHCSCD	PCTHSTD	BTSBSCC	SHCDTCB	DBPHSSH
Blank	3						
Plus	3,5	HHTBSSP	BDSSSBP	TBPTDTB	BDHBSPB	TTBBPSB	HPPSDDT
Hex	1	TBCPPSB	HPPPDCB	DBHBCHD	PBCSCCH	TTHBDSD	CDDDSHD
Blank		CBTDPCH	BCBTDBS	HCSPBDT	BSCPHDB	BPCCSBP	TCSTSTB
Blank	2,5						
Blank	3						
Blank							
Clover	3,5,6						
Blank	2,4						
Blank	1,4						
Clover	5,6	HTPHHDS	PCHPHDH	PHSSSSH	CTHHSPP	CCTPSTT	SCCTCCT
Snake	2,5	DBSTPDH	CCDHBTC	PBPTCCT	CHHCBHH	HPCBDCT	HTCBBTH
Blank	2, 3						
Blank	2,4	DBBBDPS	PCTSCDP	BSHHHTB	BCHBHTT	SCCTTHB	SBTPHPT
Blank	1,2,3	TTSDDSH	PCSBHTP	BPCHPCH	TCSDDBH	CDCPTBS	CPSSHHT
							
							
							
							
							
							
Plus	6						
Snake	6						
Diamond	3	CBPPCCP	BCHCSSH	PBSSSHP	THTHPSP	CHSDHHB	TPHPSCS
Snake	1,4	SCDHSHC	TCHDPHH	DBDPSTS	TPDCTCP	PHCTPPD	HCBPTDC
Clover	1,6	PCHDHHB	BBBBBBB	BBBBBBB	BBBBBBB	BBBBBBB	DBDCBBD
Plus	5,6	BSHBCCC	DPSPHCS	PCCCPPH	PSHPSSB	SDCSTTD	CBCSPBP
Hex	5	PBPTTHB	PCDDPCP	DPPCCBC	HBHTDCH	CDTSPPD	SDHBDTT
Snake	2,3,6	BPCDHBS	DTHTPHB	DTCHCDT	BTBDBCH	BHCBCTD	DCSDCBP
Hex	3						
Hex	3	BPCPHTD	SDTCTCT	PPPHBCS	DTCSBTP	CHTPSBH	BSPDCTB
Plus	4	SBPDCHD	TCTSCCS	HHDSPSC	SPBPCSC	TCDHCCC	BBCSSSB
Clover	3,4,6	DHPTHHP	DBHCSPH	CCTTTHH	DHHPDBC	CHSHSCT	TCDSPPB
Clover	5						
Hex	2,3,6	HPDPHDS	THCBHHC	SPSHBCP	PTDTDBT	THTDPCS	CBTHTSS
Plus	3	STPHBST	PHCBPCP	BPTDTTB	STPPSTC	SBHCCDH	TCHDPDD
Snake	2	PBHSTHH	BDPTDTS	TPPHBDB	PPCBCSB	PBCDTPC	TTTPDDH
Diamond	2,5	DSCHDBC	SCBBDSD	BTPCSSC	PSTCBCH	DTTBTCP	CBSSHTT
Plus	2,4	SDTPDDH	TBBDBBD	BDDCCDD	PPSTDCP	BTHPBHT	DBPDPPH
Diamond	3,4						
Diamond	3,6	SDSCPPP	DBBDCHH	DPSTCDT	PCCPPBT	HDBCHHC	PPSSCDT
Diamond	2,5,6	DPHDDCC	SPBDDDC	CBBBHSH	BDPSDCH	BPPDPTH	DTHDHBH
Clover	2	DTCTTTD	CHSTBPC	BBBBBBB	BBBBBBB	BBBBBBB	TTDBSHB
Plus	1,4	DCBTBHD	HBHSBCT	DPBHDHT	SBBSPBH	SSSBBCD	HTSSPHS
Clover	1,2,5,6	PBHTHBC	CDTCBBH	SDCSPDT	BDTDDTB	HPSBTDS	CTCSSST
Plus	2,3,5						
Snake	2,6	SPTBCSP	DHSPPPD	BSSBTCD	BSPHTBS	BBTSTBB	SCCTDBS
Blank	2,3,5	SDHTHSP	HPHTCBB	CSPCTTT	CBSBHPT	BSSPDBH	PCCTBSS
Blank	5	HCCPPHS	STTPTTD	BDHCTBS	HHTHDPS	DCTCTCT	CHTCTBH
Blank	2,6	TPHCHPP	TCHTSPT	CCPHCBP	SBSSCHH	HSBHHHP	CSHHHBP
Blank	1,2	BHTPBBD	SSBTHHH	CPDSHSS	DTCCTCS	DSPPCCP	BTBSHCD
Blank	2,4,6	PBBHTTS	PCHPCDB	CSBCTDH	PSHDCBT	CPPDDBC	CSHHCSB
Blank	4	SBSTSPH	THBPSPD	CHHSP?C	CPPSDSH	CBCHBDC	DTCDCHS
Blank	3,6	BCCCPTD	BPSCBSS	TBBSCDD	TDTBCTC	CCPHBDB	BDTHDDS
Blank	1,5	TBBSTHB	BDDPSBP	SPTSHBS	SCHCSTH	TTTHBSP	BBHDDPH
Blank	1	TPBCTTP	BSPCHPB	CBDDCHD	CTSHCSC	SBHHBCT	DDSDTHD
Blank	3,6	SDCDTDT	TBBTDHH	SCDCCHB	SSBPPHD	HSDPPTB	DHSPTTH
Blank	2,4	SSCTHPT	PPDCSHC	SDTCDHC	PTBDBTB	BBBBBBB	BBBBBBB
Blank	3,5,6	CDTHPPH	SHHTDBS	DDBCCPS	BSTBSPC	SBHBDBC	DHTSDTS
Blank	1,2,4,5	CPSTSTH	SHSBCSH	DDTPTHH	CBDTTCT	TSCCBTS	THSCPPP
Blank	2,4						
Blank	1,4						
Blank	4						
							
							
							
Blank	5,6	CCSTDCP	HDPPCHC	SSBSSSC	DSTBHHP	CSSTHCC	DPSTTPH
Blank	5	BBBBBBB	BBBBBBB	DDCSSDC	SPHTBPH	TBPSPDS	BBBBBBB
Blank	5	PHPPDTT	SPDCSTP	BBSDHCP	THPBCHH	BDBDBTB	TPHTTTT
Blank	5,6	PTCCPDT	CBBHBBP	BDDHDHD	BTPTTBC	THTTDSP	HDSPSCH
							
Blank	1	HDTBBHP	DHCHHBC	PCDCBSC	DCTHHPP	THDBHTB	PDBPTBS
Blank	3	DPSPPCH	SHTSCSH	CCCSTBP	SCHPPHB	PCHSDPB	STSPSHT
Blank	2,5	PHBPDCS	HHPTHDB	SSBPPBC	BDHPHDS	CDHBBHD	STBCSST
Blank	1,3,5	HDPPCHH	DHHHBPP	SBPBBCS	SPBPHBT	PSHTHSH	TTCPBDS
Blank	2,4	PDTBCSC	SPCCHST	HTHDTHC	PTPBDCC	CCPCBCD	THPPBSH
							
Blank	5,6	PTDTCBP	DTBCSDD	CPCCTHS	DDPBSCD	TTDTCTB	SPPPBHH
Blank	5	SCCCCHC	TSDSSBT	SHHPHTD	TCCBPPH	PTCPHPH	CSTPTSD
Blank	1	SCHCCSB	SDBCDHB	SDPTSSC	STCSCBH	TSCCSBC	CPCHHPB
							
							
Blank	5						
Blank	2,3,5	THTDCTB	BHPCBSP	CCTBBTB	CCTPTDT	HPDHCHP	CCDHHSH
Blank	1	SHCPHTP	CCBDCBD	DHBSBHT	DCTSBBH	PCHHCCT	PHHHSTT
Blank	5	TDTTPHH	SBSPTPH	DPHDPTD	DPPCTCH	CPTDPPH	CCPSHPB
Blank	4	BDPPDCP	DHBPDHH	TSPDSBB	CCBDDSD	HDBSPTB	CSHBTCD
							
Blank	2,5	PTHBDTS	HPTHPBT	PTDBTSH	HPBDPDB	BTSHSBS	CPDBSCS
Blank	1,4	SBDBBSB	PBDBDDS	SCHDBCB	TPCDPDB	HTDPSTC	TCPBSHS
Blank	2,5	PBDPDPS	CBCSTTC	HTBDHPD	THPCDPB	SPCBSCB	CBDDTSH
Blank	3,5	BTBTTDD	DPTTBCH	DDPDPTD	BBBBBBB	BCTPDTP	CHPHSTD
Blank	3,6	HTBBBTC	STDDHTD	PBPPPDP	TDBHCTP	PBCDTCD	DTTBSPP
Blank	1	HTCBDBS	SHSTBTH	PDCDPSP	SPBBTCB	BSCTHSS	SBHBTCD
Blank	2,4	SCTCTCC	BPTTSSC	DBBTPBH	SBPDPHP	TTSBDBH	PPBCHDC
Blank	2	CSBSBBT	BPPSDCD	HHCPHHH	DHCTCPT	DHTPDBT	DTHTHPH
Blank	1	BPCHPDD	BDPSBDS	CSSBSCB	HSBTDBS	BSBTPTT	STCBPBP
Blank	6	SDDHPDH	PBTCSCD	TPCSCTS	PTHHPCH	HDSTPBC	HHBHDDS
							
							
							
							
							
							
							
							
Blank							
Blank	2,3,4,6	HCBTTPT	PPPSBSC	CPHSDPP	TPTCTBP	CPDDSTC	DBCHTDC
Blank	1,2,4	CPPCPCC	SHDPHHB	SPSCPSB	HBHHTSS	HDDSPCH	CDBTCTP
Blank	5	BBBBBBB	BBBBBBB	SCHHCPT	PDBCHDD	HPHBPHS	BBBBBBB
Blank	2,3,6	TSSCHPH	DTTHDPH	CTHTPCB	PTSBBTB	THSHDBD	CSHCCCB
Blank	2,3,5,6	SPHTPCC	DSHHDDH	BHSCDHD	SDDBSDD	CBTBBBT	HCHHPPC
Blank	1,2,5	DDDDTHB	PHHSPDB	SDTCDHS	CBSBTPB	PCTBHDB	CDTPSDH
Blank	2,3	DCCBPHS	DHPHHDH	PBPBDPH	BDPDSBB	SDBHTHP	DDCHHHB
Blank	5	DBSSCPD	SBSPTDC	SHTCPHH	BBBBBBB	HTBDPHD	PDBCBSC
Blank	1,5	BTPTPBP	DPDBTSH	PCBBDDB	SDHCSDP	BSDBHHH	HDDHDHT
Blank	3,6	TDTCPCH	TPTBBSD	TSSDBPD	PBTHBTS	TDSSHTP	HSHSDDC
Blank	3	DTPHHSD	HPBHPHD	CTDPBSP	STCPDTP	TDHTCHH	THSBCTD
							
Blank	2,4	HDDBDCH	TCTTCDH	TPHPTDH	BBHHPTC	BTSTHPB	BHDDBHT
SNAKE	3,5	DSSSHHS	HPTHTSD	SBSCHBH	PSCDSDH	DSHBBHP	CPCSBHB
							
Plus	2,3	HCBTBDP	DDPPSCD	HDSDDDT	CTCSTCC	HCSCBCS	CSHBHTS
							
							
							
							
Diamond	3,4,5,6						
Diamond	2,5	CHDSCCT	DBDTPSS	CDDTSCT	BHSBBSBB	SDDCHHC	TPTDTPS
Diamond	3,4,5,6						
Snake	4,6	DSCDDBD	BBHBHPC	SBSBHCS	TTTCSDB	DTDDDDP	PTTSBHP
							
Diamond	2,3	BHSHCCB	DPCDDSS	HPSBPPT	PPTPPHH	PDPBCDD	PSSTCHC
Snake	1,5	STHSCPH	PSCTHPB	CBTTPBB	DBSBCSP	CHSSHHC	TCPSBHT
Blank	3						
							
							
Plus	3,6	SDTPTCH	HHTTBTS	HTBDCBH	HCTPPSH	BPPCSCP	CCPSBTD
Blank	1,3,4,5	SHCBCCT	PCSHCBT	DBCDPBD	PDCHBTH	SBCPCBP	SCCCPBS
Blank	2,6	BTTCSBT	CCSTCSS	PTBCHHS	TPHCDCT	DPBTCTC	BPDSSPH
Blank	3,6	BBDTHPH	THSCCTB	DBCBDPT	CSSBTPH	DCDCPCC	HBBSDDB
							
							
							
							
Blank	3,6	SPBBTCB	SSPCCDD	SDHSTBC	CPSCTTB	PBDCTST	BDTPTBP
Blank	1,2,5,6	CBCPBSH	SCDBPSH	STBBSPD	HPSCSPS	BSSPPBS	SDHSTBC
							
Blank	1,2,3	PHPBBPH	BHSDDST	PPBTBCH	BHHBBSC	DTCPSPD	SBPSDBP
Blank	2,6	TDCPCPB	CCBDCHT	BCDCPPH	PHTHSSS	DSTTHTB	DBTDTBD
Blank	2,3,6	TDPDTSP	HTDTBCT	HCCTBBC	PDSPDPD	DHSPHPB	PBTTBCB
Blank	1,3	DHHPDBC	TBCTSHC	DTPDHSD	PDDPCTC	HPHPPDB	CSDHPPH
Blank	1,3	DDTTSSC	CDCPTBS	DCPTPSH	DHDPTBP	CCSPCBD	BSCCBDP
Blank	2,3	DBTHCTP	DSPPCTS	HDHBBHD	CTPCTHC	PPHBCBB	HTPTPHT
Blank	2,3,5	THPBDHP	CSBDBDP	DHCTDTB	PBTDDCP	CPSCDBT	BTTSSPB
Blank	1,3,6	TDTSSHH	CDPCDTT	PHPCSCB	BBHHHDB	BPTPTSC	CCDCPDS
Blank	2,5,6	CPSSPCH	BPDDBHS	SDBTTBS	CSBDTCD	DBSPBBH	HCHHPSC
Blank							
							
Blank	2	CBDDBTD	TCPDBHS	BBBBBBB	BBBBBBB	BBBBBBB	HBHSBHC
Blank	5,6	SPDHDSC	TSTBPCH	DHPBSTS	HSPHTPP	TCSBSHT	TTCHTTS
							
							
							
							
Blank	3,6	CSPTPHH	DDHBBHS	TTDDDPC	SSCBDHH	TTHBDTC	PCTCHHB
Hex	2	SSPPTHH	SSPBCSH	PHPDSPH	HBHPCDD	PBSBPBH	CCPDPTH
Snake	5	CDSDDBS	CTDBBTS	PSHSTSC	SDSSHCD	SPHBBBS	DHDDCSC
Plus	1,4	TPBSPSD	BBBBBBB	BBBBBBB	BDBCBBD	DCSTSHP	CDTBDDC
							
Plus	4,5,6	HDBTDBT	PPSSHBS	CPPSCPP	BDBCTSC	HBSCSBB	CCCHCHD
Diamond	2,4,5	SSCSHCC	HCPSBBS	SDTPHTH	PDDSCCH	BBBBBBB	BBBBBBB
Diamond	3	CHPPCDH	DDBSCHH	SCSDBTP	DDCHPTD	CSDSPSH	SPPDDSP
Diamond	1	CSDSBST	TBHBTSB	BDSHHTT	PCSBBCT	SBSBDHT	TPDTDDT
Hex	4	TCPSBCB	TBHPDSC	BTHCHSD	BHBHPCB	BSBHTDS	DTBPCCP
Plus	1	TSCSHSH	BTHPTHP	DHBHTPS	STHCPCP	DBSPHPC	CSTSCPH
Hex	1,4	TDTTDDD	PBDPTDT	SPCTSCD	CPBCDDH	CHHHTBC	BCHTBBC
blank	4	HCSDTBC	SHHHSPP	PCPPBCB	CPPCPCC	PSDDSBC	TPDCCDT
Blank	3	CHDCDSB	DBCCCSP	DCBCPSH	STTTTDB	SHTSDDB	DCTHCDP
Diamond	3,5						
Blank	2,3,6	CHBCDPB	CDSCPHD	HCBPSBH	PPPPDCS	TTSHCTT	HPTBHTS
Diamond	1,3						
Diamond	1	CTHSBDC	DSDPHTB	DCBDSDS	HSDBDCC	TBHDCCD	CCBHTSC
Blank	2,3,6						
							
Blank	3,6	PTSSCHB	BDDDPTP	DSTSPDT	PSHDBCP	HPTSPPP	TDDPPPB
Blank	1,3,6	BSPCDPH	CBTCBHH	TBDSTTP	BDSTCDB	HPHDTSD	PBSBSBP
Blank	1,3,4	DTHCPHC	PTTSCPC	DPSPDBH	PTCTSHT	TPHPTPD	TBCDHTD
							
Blank	4	HHHTPPT	DCPSBDP	PCHHHSS	SDHSCHS	THHCBPB	DHHDHDT
							
Blank	3	HSPCHHB	HDBHBCD	HHDDCTD	PTTTTBT	DTPSHDT	CSTHBPH
Blank	3,6	HDCHSHH	HHTHCTT	HCCPSCC	SBDCCTD	CDBTTBP	TDSDCSS
Blank	3,5,6	SCHSBPT	CPTSDCP	BPSPBSH	PCDBCHC	DHPHSBP	PDDSHCC
							
100% MATCH							
Blank	2	DBPPHPD	CBDCBPH	HHCBCCP	TDPBSHC	HHPSBHS	BDBCBTH
Snake	1,5	CSHSTSC	PHTBTBC	BTBHTST	PSTDBCT	HCPBSSS	SCPDPSB
Snake	3,5	HTSSBBH	CTTSDCC	HSTSDSP	CSDSBDS	BHDTPDC	HPBDTDP
Hex	3,5	BPDSHHP	BBSCHBD	CHBTBPP	PBBCDDP	SSDBCSB	DSDSDSC
Diamond	3,6	HDHTTCS	CTPDDPH	CTSDPPP	CPBHTCP	CHTCHDS	TTSSPDT
Blank	1,2,6	BPSHHTT	BPSTBBH	BPCSHPH	BCTBTSC	CBHPSDD	HHDHCDT
Diamond	1,4	PTBHBBD	SCSSPCT	BDTCBCP	THDTSDH	BSTHCCT	SPCCBDD
Hex	1	DSBTTCC	SPTSHSC	HHCSHBC	BCTCPCT	DCPSHTD	SCSBHHT
							
BLANK	2,5	HTHSTBP	BBBHPCP	PDBCTCD	TBPHSCT	DCCTDSS	CDBTPDD
							
Blank	3	DTCBDDH	DPPDSTD	HTTSSCH	PCCSSPD	CHSHBTH	SSDCHHS
blank	2,3	PSDBDPH	PBHPCST	CCPTDTC	TCPSTTP	BPPCBHP	PBPPBSS
Plus	2	SBBDHTS	BDPPSBC	PHHDPHS	DDTHHPD	HBSDCTD	TSPTDCT
Blank	2	PCHBTHP	TSCCHHS	CHSBPDP	BBBBBBB	DBDTBHD	PCTCHCH
Hex	3,6	SPHHDSS	PBBHDBC	TBSSDTS	CCBCCDD	BSPSTBB	STTPTDT
Blank	5	DPCDPHS	DDSCBTP	PDSTTSC	DTPPSBP	SDBHDPT	DHCPPTB
							
Plus	2,5,6	TBHDHSS	TPBHPHT	SSDCHHS	DTCDPTT	DTPCTDB	PHBPCPD
Hex	2,3,5	PDBPTBT	PBSTHSP	TBTSSCD	DTSTDPC	DPHCDSS	HCDBDDP
Blank	2	TTBBPTP	BHHSBDC	PBSCPDB	CSDPPTP		
Blank	2,5	SDDTTPT	CDHSCTP	CSSBBPTB	BCCPSBH	DSTTBHB	PDDCCSC